﻿pos_x,pos_y,rotation,side,designator,mpn,pack,value,mount_type,place
126.025,-111.575,0.0,top,GND1,,PinHeader_1x01_P1.00mm_Vertical,Conn_01x01_Pin,tht,True
110.025,-74.160813,180.0,top,R1,,R_Axial_DIN0204_L3.6mm_D1.6mm_P5.08mm_Horizontal,R,tht,True
110.025,-96.6,180.0,top,R10,,R_Axial_DIN0204_L3.6mm_D1.6mm_P5.08mm_Horizontal,R,tht,True
110.025,-100.5,180.0,top,R11,,R_Axial_DIN0204_L3.6mm_D1.6mm_P5.08mm_Horizontal,R,tht,True
110.025,-104.425,180.0,top,R12,,R_Axial_DIN0204_L3.6mm_D1.6mm_P5.08mm_Horizontal,R,tht,True
118.07,-92.775,0.0,top,R13,,R_Axial_DIN0204_L3.6mm_D1.6mm_P5.08mm_Horizontal,R,tht,True
118.07,-96.664333,0.0,top,R14,,R_Axial_DIN0204_L3.6mm_D1.6mm_P5.08mm_Horizontal,R,tht,True
118.07,-100.553666,0.0,top,R15,,R_Axial_DIN0204_L3.6mm_D1.6mm_P5.08mm_Horizontal,R,tht,True
118.07,-104.443,0.0,top,R16,,R_Axial_DIN0204_L3.6mm_D1.6mm_P5.08mm_Horizontal,R,tht,True
110.025,-78.05,180.0,top,R2,,R_Axial_DIN0204_L3.6mm_D1.6mm_P5.08mm_Horizontal,R,tht,True
110.025,-81.939187,180.0,top,R3,,R_Axial_DIN0204_L3.6mm_D1.6mm_P5.08mm_Horizontal,R,tht,True
110.025,-85.828376,180.0,top,R4,,R_Axial_DIN0204_L3.6mm_D1.6mm_P5.08mm_Horizontal,R,tht,True
118.07,-74.160813,0.0,top,R5,,R_Axial_DIN0204_L3.6mm_D1.6mm_P5.08mm_Horizontal,R,tht,True
118.07,-78.05,0.0,top,R6,,R_Axial_DIN0204_L3.6mm_D1.6mm_P5.08mm_Horizontal,R,tht,True
118.07,-81.939187,0.0,top,R7,,R_Axial_DIN0204_L3.6mm_D1.6mm_P5.08mm_Horizontal,R,tht,True
118.07,-85.828376,0.0,top,R8,,R_Axial_DIN0204_L3.6mm_D1.6mm_P5.08mm_Horizontal,R,tht,True
110.025,-92.75,180.0,top,R9,,R_Axial_DIN0204_L3.6mm_D1.6mm_P5.08mm_Horizontal,R,tht,True
99.085,-74.160813,0.0,top,Valve 1,,R_Axial_DIN0204_L3.6mm_D1.6mm_P2.54mm_Vertical,LED,tht,True
99.085,-96.664333,0.0,top,Valve 10,,R_Axial_DIN0204_L3.6mm_D1.6mm_P2.54mm_Vertical,LED,tht,True
99.085,-100.553666,0.0,top,Valve 11,,R_Axial_DIN0204_L3.6mm_D1.6mm_P2.54mm_Vertical,LED,tht,True
99.085,-104.443,0.0,top,Valve 12,,R_Axial_DIN0204_L3.6mm_D1.6mm_P2.54mm_Vertical,LED,tht,True
129.515,-92.775,180.0,top,Valve 13,,R_Axial_DIN0204_L3.6mm_D1.6mm_P2.54mm_Vertical,LED,tht,True
129.515,-96.664333,180.0,top,Valve 14,,R_Axial_DIN0204_L3.6mm_D1.6mm_P2.54mm_Vertical,LED,tht,True
129.515,-100.553666,180.0,top,Valve 15,,R_Axial_DIN0204_L3.6mm_D1.6mm_P2.54mm_Vertical,LED,tht,True
129.515,-104.443,180.0,top,Valve 16,,R_Axial_DIN0204_L3.6mm_D1.6mm_P2.54mm_Vertical,LED,tht,True
99.085,-78.05,0.0,top,Valve 2,,R_Axial_DIN0204_L3.6mm_D1.6mm_P2.54mm_Vertical,LED,tht,True
99.085,-81.939187,0.0,top,Valve 3,,R_Axial_DIN0204_L3.6mm_D1.6mm_P2.54mm_Vertical,LED,tht,True
99.085,-85.828376,0.0,top,Valve 4,,R_Axial_DIN0204_L3.6mm_D1.6mm_P2.54mm_Vertical,LED,tht,True
129.515,-74.160813,180.0,top,Valve 5,,R_Axial_DIN0204_L3.6mm_D1.6mm_P2.54mm_Vertical,LED,tht,True
129.515,-78.05,180.0,top,Valve 6,,R_Axial_DIN0204_L3.6mm_D1.6mm_P2.54mm_Vertical,LED,tht,True
129.515,-81.939187,180.0,top,Valve 7,,R_Axial_DIN0204_L3.6mm_D1.6mm_P2.54mm_Vertical,LED,tht,True
129.515,-85.828376,180.0,top,Valve 8,,R_Axial_DIN0204_L3.6mm_D1.6mm_P2.54mm_Vertical,LED,tht,True
99.085,-92.775,0.0,top,Valve 9,,R_Axial_DIN0204_L3.6mm_D1.6mm_P2.54mm_Vertical,LED,tht,True
107.175,-111.575,90.0,top,Valve_Connector1,,PinHeader_1x16_P1.00mm_Vertical,Conn_01x16_Pin,tht,True
