﻿pos_x,pos_y,rotation,side,designator,mpn,pack,footprint,value,mount_type
99.085,-74.160813,0.0,top,D1,,,R_Axial_DIN0204_L3.6mm_D1.6mm_P2.54mm_Vertical,LED,tht
99.085,-96.664333,0.0,top,D10,,,R_Axial_DIN0204_L3.6mm_D1.6mm_P2.54mm_Vertical,LED,tht
99.085,-100.553666,0.0,top,D11,,,R_Axial_DIN0204_L3.6mm_D1.6mm_P2.54mm_Vertical,LED,tht
99.085,-104.443,0.0,top,D12,,,R_Axial_DIN0204_L3.6mm_D1.6mm_P2.54mm_Vertical,LED,tht
129.515,-92.775,180.0,top,D13,,,R_Axial_DIN0204_L3.6mm_D1.6mm_P2.54mm_Vertical,LED,tht
129.515,-96.664333,180.0,top,D14,,,R_Axial_DIN0204_L3.6mm_D1.6mm_P2.54mm_Vertical,LED,tht
129.515,-100.553666,180.0,top,D15,,,R_Axial_DIN0204_L3.6mm_D1.6mm_P2.54mm_Vertical,LED,tht
129.515,-104.443,180.0,top,D16,,,R_Axial_DIN0204_L3.6mm_D1.6mm_P2.54mm_Vertical,LED,tht
99.085,-78.05,0.0,top,D2,,,R_Axial_DIN0204_L3.6mm_D1.6mm_P2.54mm_Vertical,LED,tht
99.085,-81.939187,0.0,top,D3,,,R_Axial_DIN0204_L3.6mm_D1.6mm_P2.54mm_Vertical,LED,tht
99.085,-85.828376,0.0,top,D4,,,R_Axial_DIN0204_L3.6mm_D1.6mm_P2.54mm_Vertical,LED,tht
129.515,-74.160813,180.0,top,D5,,,R_Axial_DIN0204_L3.6mm_D1.6mm_P2.54mm_Vertical,LED,tht
129.515,-78.05,180.0,top,D6,,,R_Axial_DIN0204_L3.6mm_D1.6mm_P2.54mm_Vertical,LED,tht
129.515,-81.939187,180.0,top,D7,,,R_Axial_DIN0204_L3.6mm_D1.6mm_P2.54mm_Vertical,LED,tht
129.515,-85.828376,180.0,top,D8,,,R_Axial_DIN0204_L3.6mm_D1.6mm_P2.54mm_Vertical,LED,tht
99.085,-92.775,0.0,top,D9,,,R_Axial_DIN0204_L3.6mm_D1.6mm_P2.54mm_Vertical,LED,tht
114.3,-110.49,0.0,bottom,LED_BOARD_PINS1,,,SAMTEC_IPL1-109-01-L-D-RE1-K,IPL1-108-01-L-D-RE1-K-WT,tht
110.025,-74.160813,180.0,top,R1,,,R_Axial_DIN0204_L3.6mm_D1.6mm_P5.08mm_Horizontal,R,tht
110.025,-96.6,180.0,top,R10,,,R_Axial_DIN0204_L3.6mm_D1.6mm_P5.08mm_Horizontal,R,tht
110.025,-100.5,180.0,top,R11,,,R_Axial_DIN0204_L3.6mm_D1.6mm_P5.08mm_Horizontal,R,tht
110.025,-104.425,180.0,top,R12,,,R_Axial_DIN0204_L3.6mm_D1.6mm_P5.08mm_Horizontal,R,tht
118.07,-92.775,0.0,top,R13,,,R_Axial_DIN0204_L3.6mm_D1.6mm_P5.08mm_Horizontal,R,tht
118.07,-96.664333,0.0,top,R14,,,R_Axial_DIN0204_L3.6mm_D1.6mm_P5.08mm_Horizontal,R,tht
118.07,-100.553666,0.0,top,R15,,,R_Axial_DIN0204_L3.6mm_D1.6mm_P5.08mm_Horizontal,R,tht
118.07,-104.443,0.0,top,R16,,,R_Axial_DIN0204_L3.6mm_D1.6mm_P5.08mm_Horizontal,R,tht
110.025,-78.05,180.0,top,R2,,,R_Axial_DIN0204_L3.6mm_D1.6mm_P5.08mm_Horizontal,R,tht
110.025,-81.939187,180.0,top,R3,,,R_Axial_DIN0204_L3.6mm_D1.6mm_P5.08mm_Horizontal,R,tht
110.025,-85.828376,180.0,top,R4,,,R_Axial_DIN0204_L3.6mm_D1.6mm_P5.08mm_Horizontal,R,tht
118.07,-74.160813,0.0,top,R5,,,R_Axial_DIN0204_L3.6mm_D1.6mm_P5.08mm_Horizontal,R,tht
118.07,-78.05,0.0,top,R6,,,R_Axial_DIN0204_L3.6mm_D1.6mm_P5.08mm_Horizontal,R,tht
118.07,-81.939187,0.0,top,R7,,,R_Axial_DIN0204_L3.6mm_D1.6mm_P5.08mm_Horizontal,R,tht
118.07,-85.828376,0.0,top,R8,,,R_Axial_DIN0204_L3.6mm_D1.6mm_P5.08mm_Horizontal,R,tht
110.025,-92.75,180.0,top,R9,,,R_Axial_DIN0204_L3.6mm_D1.6mm_P5.08mm_Horizontal,R,tht
