﻿designator,quantity,value,pack,mpn,mount_type
GND1,1,Conn_01x01_Pin,PinHeader_1x01_P1.00mm_Vertical,,tht
"R1, R10, R11, R12, R13, R14, R15, R16, R2, R3, R4, R5, R6, R7, R8, R9",16,R,R_Axial_DIN0204_L3.6mm_D1.6mm_P5.08mm_Horizontal,,tht
"Valve 1, Valve 10, Valve 11, Valve 12, Valve 13, Valve 14, Valve 15, Valve 16, Valve 2, Valve 3, Valve 4, Valve 5, Valve 6, Valve 7, Valve 8, Valve 9",16,LED,R_Axial_DIN0204_L3.6mm_D1.6mm_P2.54mm_Vertical,,tht
Valve_Connector1,1,Conn_01x16_Pin,PinHeader_1x16_P1.00mm_Vertical,,tht
