﻿pos_x,pos_y,rotation,side,designator,mpn,pack,footprint,value,mount_type
102.935,-112.792437,0.0,top,D1,,,R_Axial_DIN0204_L3.6mm_D1.6mm_P2.54mm_Vertical,LED,tht
102.935,-150.292437,0.0,top,D10,,,R_Axial_DIN0204_L3.6mm_D1.6mm_P2.54mm_Vertical,LED,tht
102.935,-157.792437,0.0,top,D11,,,R_Axial_DIN0204_L3.6mm_D1.6mm_P2.54mm_Vertical,LED,tht
102.935,-165.292437,0.0,top,D12,,,R_Axial_DIN0204_L3.6mm_D1.6mm_P2.54mm_Vertical,LED,tht
133.365,-142.792437,180.0,top,D13,,,R_Axial_DIN0204_L3.6mm_D1.6mm_P2.54mm_Vertical,LED,tht
133.365,-150.292437,180.0,top,D14,,,R_Axial_DIN0204_L3.6mm_D1.6mm_P2.54mm_Vertical,LED,tht
133.365,-157.792437,180.0,top,D15,,,R_Axial_DIN0204_L3.6mm_D1.6mm_P2.54mm_Vertical,LED,tht
133.365,-165.292437,180.0,top,D16,,,R_Axial_DIN0204_L3.6mm_D1.6mm_P2.54mm_Vertical,LED,tht
102.935,-120.292437,0.0,top,D2,,,R_Axial_DIN0204_L3.6mm_D1.6mm_P2.54mm_Vertical,LED,tht
102.935,-127.792437,0.0,top,D3,,,R_Axial_DIN0204_L3.6mm_D1.6mm_P2.54mm_Vertical,LED,tht
102.935,-135.292437,0.0,top,D4,,,R_Axial_DIN0204_L3.6mm_D1.6mm_P2.54mm_Vertical,LED,tht
133.365,-112.792437,180.0,top,D5,,,R_Axial_DIN0204_L3.6mm_D1.6mm_P2.54mm_Vertical,LED,tht
133.365,-120.292437,180.0,top,D6,,,R_Axial_DIN0204_L3.6mm_D1.6mm_P2.54mm_Vertical,LED,tht
133.365,-127.792437,180.0,top,D7,,,R_Axial_DIN0204_L3.6mm_D1.6mm_P2.54mm_Vertical,LED,tht
133.365,-135.292437,180.0,top,D8,,,R_Axial_DIN0204_L3.6mm_D1.6mm_P2.54mm_Vertical,LED,tht
102.935,-142.792437,0.0,top,D9,,,R_Axial_DIN0204_L3.6mm_D1.6mm_P2.54mm_Vertical,LED,tht
118.11,-104.14,180.0,bottom,LED_BOARD_PINS1,,,SAMTEC_IPL1-109-01-L-D-RE1-K,IPL1-108-01-L-D-RE1-K-WT,tht
113.875,-112.792437,180.0,top,R1,,,R_Axial_DIN0204_L3.6mm_D1.6mm_P5.08mm_Horizontal,R,tht
113.875,-150.292437,180.0,top,R10,,,R_Axial_DIN0204_L3.6mm_D1.6mm_P5.08mm_Horizontal,R,tht
113.875,-157.792437,180.0,top,R11,,,R_Axial_DIN0204_L3.6mm_D1.6mm_P5.08mm_Horizontal,R,tht
113.875,-165.292437,180.0,top,R12,,,R_Axial_DIN0204_L3.6mm_D1.6mm_P5.08mm_Horizontal,R,tht
121.92,-142.792437,0.0,top,R13,,,R_Axial_DIN0204_L3.6mm_D1.6mm_P5.08mm_Horizontal,R,tht
121.92,-150.292437,0.0,top,R14,,,R_Axial_DIN0204_L3.6mm_D1.6mm_P5.08mm_Horizontal,R,tht
121.92,-157.792437,0.0,top,R15,,,R_Axial_DIN0204_L3.6mm_D1.6mm_P5.08mm_Horizontal,R,tht
121.92,-165.292437,0.0,top,R16,,,R_Axial_DIN0204_L3.6mm_D1.6mm_P5.08mm_Horizontal,R,tht
113.875,-120.292437,180.0,top,R2,,,R_Axial_DIN0204_L3.6mm_D1.6mm_P5.08mm_Horizontal,R,tht
113.875,-127.792437,180.0,top,R3,,,R_Axial_DIN0204_L3.6mm_D1.6mm_P5.08mm_Horizontal,R,tht
113.875,-135.292437,180.0,top,R4,,,R_Axial_DIN0204_L3.6mm_D1.6mm_P5.08mm_Horizontal,R,tht
121.92,-112.792437,0.0,top,R5,,,R_Axial_DIN0204_L3.6mm_D1.6mm_P5.08mm_Horizontal,R,tht
121.92,-120.292437,0.0,top,R6,,,R_Axial_DIN0204_L3.6mm_D1.6mm_P5.08mm_Horizontal,R,tht
121.92,-127.792437,0.0,top,R7,,,R_Axial_DIN0204_L3.6mm_D1.6mm_P5.08mm_Horizontal,R,tht
121.92,-135.292437,0.0,top,R8,,,R_Axial_DIN0204_L3.6mm_D1.6mm_P5.08mm_Horizontal,R,tht
113.875,-142.792437,180.0,top,R9,,,R_Axial_DIN0204_L3.6mm_D1.6mm_P5.08mm_Horizontal,R,tht
