﻿pos_x,pos_y,rotation,side,designator,mpn,pack,value,mount_type,place
76.4,5.9625,180.0,top,12V_Power_pins1,,SAMTEC_IPL1-102-01-L-S-RE1-K-WT,IPL1-102-01-L-S-RE1-K-WT,tht,True
64.9,59.4375,0.0,top,ARD2_to_Mosfet_Gates1,,SAMTEC_IPL1-108-01-L-D-RE1-K-WT,IPL1-108-01-L-D-RE1-K-WT,tht,True
132.71,23.49,-90.0,top,C1,,CP_Radial_D4.0mm_P2.00mm,1 uF,tht,True
127.63,23.49,-90.0,top,C2,,CP_Radial_D4.0mm_P2.00mm,10 uF,tht,True
122.55,23.49,-90.0,top,C3,,CP_Radial_D4.0mm_P2.00mm,1 uF ,tht,True
149.05,23.49,-90.0,top,C4,,CP_Radial_D4.0mm_P2.00mm,1 uF,tht,True
144.55,23.49,-90.0,top,C5,,CP_Radial_D4.0mm_P2.00mm,10 uF,tht,True
140.05,23.49,-90.0,top,C6,,CP_Radial_D4.0mm_P2.00mm,1 uF,tht,True
96.35,28.4274,90.0,top,C7,,CP_Radial_D4.0mm_P2.00mm,47 uF,tht,True
52.18,51.85,0.0,top,D1,,D_DO-15_P15.24mm_Horizontal,MBR0540,tht,True
73.0,46.55,0.0,top,D10,,D_DO-15_P15.24mm_Horizontal,MBR0540,tht,True
73.0,41.4,0.0,top,D11,,D_DO-15_P15.24mm_Horizontal,MBR0540,tht,True
73.0,36.25,0.0,top,D12,,D_DO-15_P15.24mm_Horizontal,MBR0540,tht,True
73.0,31.1,0.0,top,D13,,D_DO-15_P15.24mm_Horizontal,MBR0540,tht,True
73.0,25.95,0.0,top,D14,,D_DO-15_P15.24mm_Horizontal,MBR0540,tht,True
73.0,20.8,0.0,top,D15,,D_DO-15_P15.24mm_Horizontal,MBR0540,tht,True
73.0,15.65,0.0,top,D16,,D_DO-15_P15.24mm_Horizontal,MBR0540,tht,True
52.18,46.7,0.0,top,D2,,D_DO-15_P15.24mm_Horizontal,MBR0540,tht,True
52.18,41.55,0.0,top,D3,,D_DO-15_P15.24mm_Horizontal,MBR0540,tht,True
52.18,36.4,0.0,top,D4,,D_DO-15_P15.24mm_Horizontal,MBR0540,tht,True
52.18,31.25,0.0,top,D5,,D_DO-15_P15.24mm_Horizontal,MBR0540,tht,True
52.18,26.1,0.0,top,D6,,D_DO-15_P15.24mm_Horizontal,MBR0540,tht,True
52.18,20.95,0.0,top,D7,,D_DO-15_P15.24mm_Horizontal,MBR0540,tht,True
52.18,15.8,0.0,top,D8,,D_DO-15_P15.24mm_Horizontal,MBR0540,tht,True
73.0,51.7,0.0,top,D9,,D_DO-15_P15.24mm_Horizontal,MBR0540,tht,True
166.31,32.3,-90.0,top,IFD97_SPT1,,SAMTEC_IPL1-102-01-X-D-RE1-K-WT,IPL1-102-01-X-D-RE1-K-WT,tht,True
166.31,57.605,-90.0,top,IFD97_SPT2,,SAMTEC_IPL1-102-01-X-D-RE1-K-WT,IPL1-102-01-X-D-RE1-K-WT,tht,True
167.6,46.405,-90.0,top,IFE91D_2,,SAMTEC_IPL1-102-01-L-S-RE1-K-WT,IPL1-102-01-L-S-RE1-K-WT,tht,True
167.6,18.7,-90.0,top,IFE91D_SPT1,,SAMTEC_IPL1-102-01-L-S-RE1-K-WT,IPL1-102-01-L-S-RE1-K-WT,tht,True
125.4,66.8896,90.0,top,LEDSPT1,,R_Axial_DIN0204_L3.6mm_D1.6mm_P2.54mm_Vertical,Conn_01x02,tht,True
135.3,66.86,90.0,top,LEDSPT2,,R_Axial_DIN0204_L3.6mm_D1.6mm_P2.54mm_Vertical,Conn_01x02,tht,True
144.15,59.3375,0.0,top,LED_Logic_Harness1,,SAMTEC_IPL1-102-01-X-D-RE1-K-WT,IPL1-102-01-X-D-RE1-K-WT,tht,True
114.334,60.657,0.0,top,Laser_Power_Pins1,,SAMTEC_IPL1-102-01-L-S-RE1-K-WT,IPL1-102-01-L-S-RE1-K-WT,tht,True
106.83,36.88,0.0,top,MOTOR_DRIVER1,,Motor_Driver_A4988,Conn_02x08_Counter_Clockwise,tht,True
0.0,-0.0,0.0,top,MOUNT,,MountingHole_3.7mm,MountingHole_3.7mm,tht,False
88.172,60.722,0.0,top,Motor_CTL_Pins1,,SAMTEC_IPL1-102-01-L-S-RE1-K-WT,IPL1-102-01-L-S-RE1-K-WT,tht,True
101.126,60.657,0.0,top,Motor_Power_Pins1,,SAMTEC_IPL1-102-01-L-S-RE1-K-WT,IPL1-102-01-L-S-RE1-K-WT,tht,True
162.3,7.7625,180.0,top,Motor_Wires1,,SAMTEC_IPL1-102-01-X-D-RE1-K-WT,IPL1-102-01-X-D-RE1-K-WT,tht,True
19.56,63.455,0.0,top,NMOS1,,TO-220-3_Vertical,NMOS,tht,True
35.36,56.7,0.0,top,NMOS10,,TO-220-3_Vertical,NMOS,tht,True
35.36,50.1,0.0,top,NMOS11,,TO-220-3_Vertical,NMOS,tht,True
35.36,43.455,0.0,top,NMOS12,,TO-220-3_Vertical,NMOS,tht,True
35.36,36.4,0.0,top,NMOS13,,TO-220-3_Vertical,NMOS,tht,True
35.36,28.995,0.0,top,NMOS14,,TO-220-3_Vertical,NMOS,tht,True
35.36,21.545,0.0,top,NMOS15,,TO-220-3_Vertical,NMOS,tht,True
35.36,14.7,0.0,top,NMOS16,,TO-220-3_Vertical,NMOS,tht,True
19.56,56.71,0.0,top,NMOS2,,TO-220-3_Vertical,NMOS,tht,True
19.56,50.11,0.0,top,NMOS3,,TO-220-3_Vertical,NMOS,tht,True
19.56,43.465,0.0,top,NMOS4,,TO-220-3_Vertical,NMOS,tht,True
19.56,36.41,0.0,top,NMOS5,,TO-220-3_Vertical,NMOS,tht,True
19.56,29.005,0.0,top,NMOS6,,TO-220-3_Vertical,NMOS,tht,True
19.56,21.555,0.0,top,NMOS7,,TO-220-3_Vertical,NMOS,tht,True
19.56,14.71,0.0,top,NMOS8,,TO-220-3_Vertical,NMOS,tht,True
35.36,63.445,0.0,top,NMOS9,,TO-220-3_Vertical,NMOS,tht,True
123.8,40.1,90.0,top,OP07C_1,,DIP-8_W7.62mm,Conn_02x04_Counter_Clockwise,tht,True
140.7216,40.1148,90.0,top,OP07C_2,,DIP-8_W7.62mm,Conn_02x04_Counter_Clockwise,tht,True
122.53,27.39,90.0,top,R1,,R_Axial_DIN0207_L6.3mm_D2.5mm_P7.62mm_Horizontal,2.4K  Ω,tht,True
0.39,55.1,0.0,top,R10,,R_Axial_DIN0204_L3.6mm_D1.6mm_P7.62mm_Horizontal,220 Ω,tht,True
0.39,51.95,0.0,top,R11,,R_Axial_DIN0204_L3.6mm_D1.6mm_P7.62mm_Horizontal,220 Ω,tht,True
0.39,48.846,0.0,top,R12,,R_Axial_DIN0204_L3.6mm_D1.6mm_P7.62mm_Horizontal,220 Ω,tht,True
0.39,45.65,0.0,top,R13,,R_Axial_DIN0204_L3.6mm_D1.6mm_P7.62mm_Horizontal,220 Ω,tht,True
0.39,42.5,0.0,top,R14,,R_Axial_DIN0204_L3.6mm_D1.6mm_P7.62mm_Horizontal,220 Ω,tht,True
0.39,39.35,0.0,top,R15,,R_Axial_DIN0204_L3.6mm_D1.6mm_P7.62mm_Horizontal,220 Ω,tht,True
0.39,36.2,0.0,top,R16,,R_Axial_DIN0204_L3.6mm_D1.6mm_P7.62mm_Horizontal,220 Ω,tht,True
0.39,33.05,0.0,top,R17,,R_Axial_DIN0204_L3.6mm_D1.6mm_P7.62mm_Horizontal,220 Ω,tht,True
0.39,29.9,0.0,top,R18,,R_Axial_DIN0204_L3.6mm_D1.6mm_P7.62mm_Horizontal,220 Ω,tht,True
0.39,26.75,0.0,top,R19,,R_Axial_DIN0204_L3.6mm_D1.6mm_P7.62mm_Horizontal,220 Ω,tht,True
127.61,27.39,90.0,top,R2,,R_Axial_DIN0207_L6.3mm_D2.5mm_P7.62mm_Horizontal,1K  Ω,tht,True
0.39,23.6,0.0,top,R20,,R_Axial_DIN0204_L3.6mm_D1.6mm_P7.62mm_Horizontal,220 Ω,tht,True
0.39,20.45,0.0,top,R21,,R_Axial_DIN0204_L3.6mm_D1.6mm_P7.62mm_Horizontal,220 Ω,tht,True
0.39,17.3,0.0,top,R22,,R_Axial_DIN0204_L3.6mm_D1.6mm_P7.62mm_Horizontal,220 Ω,tht,True
0.39,14.15,0.0,top,R23,,R_Axial_DIN0204_L3.6mm_D1.6mm_P7.62mm_Horizontal,220 Ω,tht,True
0.39,11.0,0.0,top,R24,,R_Axial_DIN0204_L3.6mm_D1.6mm_P7.62mm_Horizontal,220 Ω,tht,True
125.4,53.7324,90.0,top,R25,,R_Axial_DIN0204_L3.6mm_D1.6mm_P7.62mm_Horizontal,220 Ω,tht,True
135.3,53.7028,90.0,top,R26,,R_Axial_DIN0204_L3.6mm_D1.6mm_P7.62mm_Horizontal,220 Ω,tht,True
132.69,27.39,90.0,top,R3,,R_Axial_DIN0207_L6.3mm_D2.5mm_P7.62mm_Horizontal,47K  Ω,tht,True
160.4,22.51,-90.0,top,R4,,R_Axial_DIN0207_L6.3mm_D2.5mm_P7.62mm_Horizontal,56  Ω,tht,True
139.4916,27.4048,90.0,top,R5,,R_Axial_DIN0207_L6.3mm_D2.5mm_P7.62mm_Horizontal,2.4K  Ω,tht,True
144.5216,27.4048,90.0,top,R6,,R_Axial_DIN0207_L6.3mm_D2.5mm_P7.62mm_Horizontal,1K  Ω,tht,True
149.6016,27.4048,90.0,top,R7,,R_Axial_DIN0207_L6.3mm_D2.5mm_P7.62mm_Horizontal,47K  Ω,tht,True
160.7725,49.915,-90.0,top,R8,,R_Axial_DIN0207_L6.3mm_D2.5mm_P7.62mm_Horizontal, 56 Ω,tht,True
0.39,58.25,0.0,top,R9,,R_Axial_DIN0204_L3.6mm_D1.6mm_P7.62mm_Horizontal,220 Ω,tht,True
33.71,7.49,180.0,top,Valve_Connector1,,SAMTEC_IPL1-116-01-X-D-RE1-K-WT,IPL1-116-01-X-D-RE1-K-WT,tht,True
143.995,6.62,180.0,top,XTRA_LED_SPT1,,SAMTEC_IPL1-102-01-L-S-RE1-K-WT,IPL1-102-01-L-S-RE1-K-WT,tht,True
132.19,6.62,180.0,top,XTRA_LED_SPT2,,SAMTEC_IPL1-102-01-L-S-RE1-K-WT,IPL1-102-01-L-S-RE1-K-WT,tht,True
