﻿designator,quantity,value,pack,mpn,mount_type
"12V_Power_pins1, IFE91D_2, IFE91D_SPT1, Laser_Power_Pins1, Motor_CTL_Pins1, Motor_Power_Pins1, XTRA_LED_SPT1, XTRA_LED_SPT2",8,IPL1-102-01-L-S-RE1-K-WT,SAMTEC_IPL1-102-01-L-S-RE1-K-WT,,tht
ARD2_to_Mosfet_Gates1,1,IPL1-108-01-L-D-RE1-K-WT,SAMTEC_IPL1-108-01-L-D-RE1-K-WT,,tht
"C1, C4, C6",3,1 uF,CP_Radial_D4.0mm_P2.00mm,,tht
"C2, C5",2,10 uF,CP_Radial_D4.0mm_P2.00mm,,tht
C3,1,1 uF ,CP_Radial_D4.0mm_P2.00mm,,tht
C7,1,47 uF,CP_Radial_D4.0mm_P2.00mm,,tht
"D1, D10, D11, D12, D13, D14, D15, D16, D2, D3, D4, D5, D6, D7, D8, D9",16,MBR0540,D_DO-15_P15.24mm_Horizontal,,tht
"IFD97_SPT1, IFD97_SPT2, LED_Logic_Harness1, Motor_Wires1",4,IPL1-102-01-X-D-RE1-K-WT,SAMTEC_IPL1-102-01-X-D-RE1-K-WT,,tht
"LEDSPT1, LEDSPT2",2,Conn_01x02,R_Axial_DIN0204_L3.6mm_D1.6mm_P2.54mm_Vertical,,tht
MOTOR_DRIVER1,1,Conn_02x08_Counter_Clockwise,Motor_Driver_A4988,,tht
"NMOS1, NMOS10, NMOS11, NMOS12, NMOS13, NMOS14, NMOS15, NMOS16, NMOS2, NMOS3, NMOS4, NMOS5, NMOS6, NMOS7, NMOS8, NMOS9",16,NMOS,TO-220-3_Vertical,,tht
"OP07C_1, OP07C_2",2,Conn_02x04_Counter_Clockwise,DIP-8_W7.62mm,,tht
"R1, R5",2,2.4K  Ω,R_Axial_DIN0207_L6.3mm_D2.5mm_P7.62mm_Horizontal,,tht
"R10, R11, R12, R13, R14, R15, R16, R17, R18, R19, R20, R21, R22, R23, R24, R25, R26, R9",18,220 Ω,R_Axial_DIN0204_L3.6mm_D1.6mm_P7.62mm_Horizontal,,tht
"R2, R6",2,1K  Ω,R_Axial_DIN0207_L6.3mm_D2.5mm_P7.62mm_Horizontal,,tht
"R3, R7",2,47K  Ω,R_Axial_DIN0207_L6.3mm_D2.5mm_P7.62mm_Horizontal,,tht
R4,1,56  Ω,R_Axial_DIN0207_L6.3mm_D2.5mm_P7.62mm_Horizontal,,tht
R8,1, 56 Ω,R_Axial_DIN0207_L6.3mm_D2.5mm_P7.62mm_Horizontal,,tht
Valve_Connector1,1,IPL1-116-01-X-D-RE1-K-WT,SAMTEC_IPL1-116-01-X-D-RE1-K-WT,,tht
