﻿pos_x,pos_y,rotation,side,designator,mpn,pack,footprint,value,mount_type
118.655,5.9625,180.0,top,12V_Power_pins1,,,SAMTEC_IPL1-102-01-L-S-RE1-K-WT,IPL1-102-01-L-S-RE1-K-WT,tht
76.6825,58.399,0.0,top,ARD2_to_Mosfet_Gates1,,,SAMTEC_IPL1-108-01-L-D-RE1-K-WT,IPL1-108-01-L-D-RE1-K-WT,tht
136.94,60.0875,0.0,top,Arduino_Power1,,,SAMTEC_IPL1-102-01-L-S-RE1-K-WT,IPL1-102-01-L-S-RE1-K-WT,tht
132.71,23.49,-90.0,top,C1,,,CP_Radial_D5.0mm_P2.00mm,1 uF,tht
124.325,23.531677,-90.0,top,C2,,,CP_Radial_D10.0mm_P5.00mm,10 uF,tht
116.095,23.605677,-90.0,top,C3,,,CP_Radial_D5.0mm_P2.00mm,1 uF ,tht
154.775,23.544112,-90.0,top,C4,,,CP_Radial_D5.0mm_P2.00mm,1 uF,tht
146.605,23.520112,-90.0,top,C5,,,CP_Radial_D10.0mm_P5.00mm,10 uF,tht
138.35,23.514,-90.0,top,C6,,,CP_Radial_D5.0mm_P2.00mm,1 uF,tht
102.65,24.24,0.0,top,C7,,,CP_Radial_D4.0mm_P2.00mm,47 uF,tht
22.64,32.59,180.0,top,D1,,,D_DO-15_P15.24mm_Horizontal,MBR0540,tht
75.98,28.78,0.0,top,D10,,,D_DO-15_P15.24mm_Horizontal,MBR0540,tht
72.17,41.48,180.0,top,D11,,,D_DO-15_P15.24mm_Horizontal,MBR0540,tht
75.98,41.48,0.0,top,D12,,,D_DO-15_P15.24mm_Horizontal,MBR0540,tht
22.64,12.27,180.0,top,D13,,,D_DO-15_P15.24mm_Horizontal,MBR0540,tht
26.45,12.27,0.0,top,D14,,,D_DO-15_P15.24mm_Horizontal,MBR0540,tht
22.64,22.43,180.0,top,D15,,,D_DO-15_P15.24mm_Horizontal,MBR0540,tht
26.45,22.43,0.0,top,D16,,,D_DO-15_P15.24mm_Horizontal,MBR0540,tht
26.45,32.59,0.0,top,D2,,,D_DO-15_P15.24mm_Horizontal,MBR0540,tht
22.64,42.75,180.0,top,D3,,,D_DO-15_P15.24mm_Horizontal,MBR0540,tht
26.45,42.75,0.0,top,D4,,,D_DO-15_P15.24mm_Horizontal,MBR0540,tht
22.64,52.269,180.0,top,D5,,,D_DO-15_P15.24mm_Horizontal,MBR0540,tht
26.45,52.269,0.0,top,D6,,,D_DO-15_P15.24mm_Horizontal,MBR0540,tht
22.64,63.07,180.0,top,D7,,,D_DO-15_P15.24mm_Horizontal,MBR0540,tht
26.45,63.07,0.0,top,D8,,,D_DO-15_P15.24mm_Horizontal,MBR0540,tht
72.17,28.78,180.0,top,D9,,,D_DO-15_P15.24mm_Horizontal,MBR0540,tht
167.7425,21.414,-90.0,top,IFD97_SPT1,,,SAMTEC_IPL1-102-01-L-D-RE1-K-WT,IPL1-102-01-X-D-RE1-K-WT,tht
167.7425,46.719,-90.0,top,IFD97_SPT2,,,SAMTEC_IPL1-102-01-L-D-RE1-K-WT,IPL1-102-01-X-D-RE1-K-WT,tht
169.0325,35.519,-90.0,top,IFE91D_2,,,SAMTEC_IPL1-102-01-L-S-RE1-K-WT,IPL1-102-01-L-S-RE1-K-WT,tht
168.885,9.574,-90.0,top,IFE91D_SPT1,,,SAMTEC_IPL1-102-01-L-S-RE1-K-WT,IPL1-102-01-L-S-RE1-K-WT,tht
145.325,67.0686,90.0,top,LEDSPT1,,,R_Axial_DIN0204_L3.6mm_D1.6mm_P2.54mm_Vertical,Conn_01x02,tht
155.225,67.039,90.0,top,LEDSPT2,,,R_Axial_DIN0204_L3.6mm_D1.6mm_P2.54mm_Vertical,Conn_01x02,tht
105.19,58.5265,180.0,bottom,LED_BOARD_PINS1,,,SAMTEC_IPL1-109-01-L-D-RE1-K,IPL1-108-01-L-D-RE1-K-WT,tht
164.115,58.9765,0.0,top,LED_Logic_Harness1,,,SAMTEC_IPL1-102-01-L-D-RE1-K-WT,IPL1-102-01-X-D-RE1-K-WT,tht
106.83,36.88,0.0,top,MOTOR_DRIVER1,,,Motor_Driver_A4988,Conn_02x08_Counter_Clockwise,tht
125.51,60.184,0.0,top,Motor_CTL_Pins1,,,SAMTEC_IPL1-102-01-L-S-RE1-K-WT,IPL1-102-01-L-S-RE1-K-WT,tht
158.025,7.7915,180.0,top,Motor_Wires1,,,SAMTEC_IPL1-102-01-L-D-RE1-K-WT,IPL1-102-01-X-D-RE1-K-WT,tht
123.8,40.1,90.0,top,OP07C_1,,,DIP-8_W7.62mm,Conn_02x04_Counter_Clockwise,tht
140.7216,40.1148,90.0,top,OP07C_2,,,DIP-8_W7.62mm,Conn_02x04_Counter_Clockwise,tht
7.4,36.725,0.0,top,Q1,,,TO-220-3_Vertical,Q_NMOS_GDS,tht
78.52,33.86,0.0,top,Q10,,,TO-220-3_Vertical,Q_NMOS_GDS,tht
56.93,46.56,0.0,top,Q11,,,TO-220-3_Vertical,Q_NMOS_GDS,tht
78.52,46.885,0.0,top,Q12,,,TO-220-3_Vertical,Q_NMOS_GDS,tht
7.4,16.08,0.0,top,Q13,,,TO-220-3_Vertical,Q_NMOS_GDS,tht
28.99,16.08,0.0,top,Q14,,,TO-220-3_Vertical,Q_NMOS_GDS,tht
7.4,26.565,0.0,top,Q15,,,TO-220-3_Vertical,Q_NMOS_GDS,tht
28.99,26.24,0.0,top,Q16,,,TO-220-3_Vertical,Q_NMOS_GDS,tht
28.99,36.725,0.0,top,Q2,,,TO-220-3_Vertical,Q_NMOS_GDS,tht
7.4,46.56,0.0,top,Q3,,,TO-220-3_Vertical,Q_NMOS_GDS,tht
28.99,46.56,0.0,top,Q4,,,TO-220-3_Vertical,Q_NMOS_GDS,tht
6.9275,56.404,0.0,top,Q5,,,TO-220-3_Vertical,Q_NMOS_GDS,tht
28.5175,56.72,0.0,top,Q6,,,TO-220-3_Vertical,Q_NMOS_GDS,tht
6.895,66.88,0.0,top,Q7,,,TO-220-3_Vertical,Q_NMOS_GDS,tht
28.99,67.205,0.0,top,Q8,,,TO-220-3_Vertical,Q_NMOS_GDS,tht
56.895,34.185,0.0,top,Q9,,,TO-220-3_Vertical,Q_NMOS_GDS,tht
122.53,27.39,90.0,top,R1,,,R_Axial_DIN0207_L6.3mm_D2.5mm_P7.62mm_Horizontal,2.4K  Ω,tht
45.5,38.94,180.0,top,R10,,,R_Axial_DIN0204_L3.6mm_D1.6mm_P7.62mm_Horizontal,220 Ω,tht
23.91,49.1,180.0,top,R11,,,R_Axial_DIN0204_L3.6mm_D1.6mm_P7.62mm_Horizontal,220 Ω,tht
45.5,49.1,180.0,top,R12,,,R_Axial_DIN0204_L3.6mm_D1.6mm_P7.62mm_Horizontal,220 Ω,tht
23.4375,58.619,180.0,top,R13,,,R_Axial_DIN0204_L3.6mm_D1.6mm_P7.62mm_Horizontal,220 Ω,tht
45.0275,58.619,180.0,top,R14,,,R_Axial_DIN0204_L3.6mm_D1.6mm_P7.62mm_Horizontal,220 Ω,tht
23.405,69.42,180.0,top,R15,,,R_Axial_DIN0204_L3.6mm_D1.6mm_P7.62mm_Horizontal,220 Ω,tht
45.5,69.42,180.0,top,R16,,,R_Axial_DIN0204_L3.6mm_D1.6mm_P7.62mm_Horizontal,220 Ω,tht
73.44,36.4,180.0,top,R17,,,R_Axial_DIN0204_L3.6mm_D1.6mm_P7.62mm_Horizontal,220 Ω,tht
95.03,36.4,180.0,top,R18,,,R_Axial_DIN0204_L3.6mm_D1.6mm_P7.62mm_Horizontal,220 Ω,tht
73.44,49.1,180.0,top,R19,,,R_Axial_DIN0204_L3.6mm_D1.6mm_P7.62mm_Horizontal,220 Ω,tht
127.61,27.39,90.0,top,R2,,,R_Axial_DIN0207_L6.3mm_D2.5mm_P7.62mm_Horizontal,1K  Ω,tht
95.03,49.1,180.0,top,R20,,,R_Axial_DIN0204_L3.6mm_D1.6mm_P7.62mm_Horizontal,220 Ω,tht
23.91,18.62,180.0,top,R21,,,R_Axial_DIN0204_L3.6mm_D1.6mm_P7.62mm_Horizontal,220 Ω,tht
45.5,18.62,180.0,top,R22,,,R_Axial_DIN0204_L3.6mm_D1.6mm_P7.62mm_Horizontal,220 Ω,tht
23.91,28.78,180.0,top,R23,,,R_Axial_DIN0204_L3.6mm_D1.6mm_P7.62mm_Horizontal,220 Ω,tht
45.5,28.78,180.0,top,R24,,,R_Axial_DIN0204_L3.6mm_D1.6mm_P7.62mm_Horizontal,220 Ω,tht
145.325,53.9114,90.0,top,R25,,,R_Axial_DIN0204_L3.6mm_D1.6mm_P7.62mm_Horizontal,220 Ω,tht
155.225,53.8818,90.0,top,R26,,,R_Axial_DIN0204_L3.6mm_D1.6mm_P7.62mm_Horizontal,220 Ω,tht
132.625,35.01,-90.0,top,R3,,,R_Axial_DIN0207_L6.3mm_D2.5mm_P7.62mm_Horizontal,47K  Ω,tht
160.4,22.51,-90.0,top,R4,,,R_Axial_DIN0207_L6.3mm_D2.5mm_P7.62mm_Horizontal,56  Ω,tht
139.4916,27.4048,90.0,top,R5,,,R_Axial_DIN0207_L6.3mm_D2.5mm_P7.62mm_Horizontal,2.4K  Ω,tht
144.5216,27.4048,90.0,top,R6,,,R_Axial_DIN0207_L6.3mm_D2.5mm_P7.62mm_Horizontal,1K  Ω,tht
149.6016,27.4048,90.0,top,R7,,,R_Axial_DIN0207_L6.3mm_D2.5mm_P7.62mm_Horizontal,47K  Ω,tht
160.7725,49.915,-90.0,top,R8,,,R_Axial_DIN0207_L6.3mm_D2.5mm_P7.62mm_Horizontal, 56 Ω,tht
23.91,38.94,180.0,top,R9,,,R_Axial_DIN0204_L3.6mm_D1.6mm_P7.62mm_Horizontal,220 Ω,tht
74.205,7.7915,180.0,top,Valve_Connector1,,None,SAMTEC_IPL1-116-01-X-D-RE1-K,IPL1-116-01-X-D-RE1-K-WT,tht
143.995,6.62,180.0,top,XTRA_LED_SPT1,,,SAMTEC_IPL1-102-01-L-S-RE1-K-WT,IPL1-102-01-L-S-RE1-K-WT,tht
132.19,6.62,180.0,top,XTRA_LED_SPT2,,,SAMTEC_IPL1-102-01-L-S-RE1-K-WT,IPL1-102-01-L-S-RE1-K-WT,tht
